d,block,sink_std,sink_acc,sec_std,sec_acc
2,0,0.7621384263038635,0.7621384263038635,0.0,0.0
2,1,0.49116405844688416,0.49116405844688416,3.413120985031128,2.9005861282348633
2,2,0.348108172416687,0.348108172416687,6.187303781509399,5.646668195724487
2,3,0.25947973132133484,0.24130605161190033,8.90770697593689,8.496847152709961
2,4,0.19912096858024597,0.16207030415534973,11.716921329498291,11.35548448562622
2,5,0.15475672483444214,0.10314328223466873,14.426020383834839,14.065613985061646
2,6,0.12391441315412521,0.06436923146247864,17.272639513015747,16.843179941177368
2,7,0.09916388243436813,0.042803116142749786,20.15125846862793,19.624154329299927
2,8,0.08151758462190628,0.03633638843894005,22.99057173728943,22.336493730545044
2,9,0.06857012957334518,0.03605877235531807,25.713069200515747,25.115047693252563
2,10,0.05869603529572487,0.03659455478191376,28.401867628097534,27.85268259048462
2,11,0.05155399814248085,0.03681759163737297,31.1314480304718,30.61277961730957
2,12,0.046655990183353424,0.03661599010229111,33.87948536872864,33.39990711212158
2,13,0.043692972511053085,0.036524973809719086,36.634939193725586,36.17511534690857
2,14,0.041392210870981216,0.03642651438713074,39.35666823387146,38.84693384170532
2,15,0.03967982530593872,0.03632763400673866,42.11639666557312,41.63666033744812
2,16,0.03869068622589111,0.036256156861782074,44.82526230812073,44.32484793663025
2,17,0.038023728877305984,0.03615869581699371,47.65276622772217,46.87316083908081
2,18,0.03757914900779724,0.03600670397281647,50.32332921028137,49.40897560119629
2,19,0.03735688701272011,0.03591056540608406,53.048789501190186,51.98790431022644
2,20,0.03730066865682602,0.03595693036913872,55.75700616836548,54.5143518447876
2,21,0.03717409819364548,0.03597353771328926,58.51958751678467,57.10097050666809
2,22,0.03707929700613022,0.03601360321044922,61.31337785720825,59.82379126548767
2,23,0.03704668581485748,0.03605766221880913,64.19962692260742,62.441128969192505
2,24,0.03698945790529251,0.03607127070426941,66.90124368667603,64.88078927993774
2,25,0.03700504079461098,0.036132827401161194,69.63598537445068,67.43893599510193
5,0,1.4405362606048584,1.4405362606048584,0.0,0.0
5,1,0.8502492308616638,0.8502492308616638,3.1591036319732666,3.2040858268737793
5,2,0.5833126306533813,0.5833126306533813,6.126701354980469,6.22508430480957
5,3,0.44409850239753723,0.4171390235424042,9.126134395599365,9.35549783706665
5,4,0.36823078989982605,0.32725852727890015,12.040063858032227,12.332315444946289
5,5,0.32674840092658997,0.28930169343948364,14.72755479812622,15.376440525054932
5,6,0.30423790216445923,0.277004599571228,17.761698484420776,18.19153928756714
5,7,0.2918229103088379,0.27397990226745605,20.7450692653656,21.294130086898804
5,8,0.28503355383872986,0.2736459970474243,23.86524987220764,24.220471382141113
5,9,0.28113794326782227,0.27419185638427734,26.795729160308838,26.99485445022583
5,10,0.2789599299430847,0.274955689907074,29.824556827545166,29.992259740829468
5,11,0.2776604890823364,0.27564936876296997,32.99681997299194,33.069804191589355
5,12,0.27678370475769043,0.2762013375759125,35.97831392288208,36.152099609375
5,13,0.27636316418647766,0.2765560746192932,39.039947271347046,39.17814779281616
5,14,0.27611854672431946,0.2767401933670044,42.14325284957886,42.2507598400116
5,15,0.2759372591972351,0.2767784595489502,45.02007555961609,45.4055757522583
5,16,0.275753378868103,0.27666133642196655,47.954992055892944,48.39176964759827
5,17,0.27563437819480896,0.27652135491371155,51.010966777801514,51.43495202064514
5,18,0.2755565345287323,0.2763844430446625,54.07124423980713,54.58327913284302
5,19,0.2754426598548889,0.276248037815094,57.03863167762756,57.773675203323364
5,20,0.2754164934158325,0.27616891264915466,59.84041237831116,60.77691721916199
5,21,0.2753974497318268,0.2761536240577698,63.00057911872864,63.61205172538757
5,22,0.2753317952156067,0.27612510323524475,66.08067440986633,66.51902174949646
5,23,0.27532896399497986,0.27614080905914307,69.25157070159912,69.53792023658752
5,24,0.2753165364265442,0.27616778016090393,72.2427225112915,72.42727732658386
5,25,0.27530205249786377,0.27620819211006165,75.42104029655457,75.51489925384521
10,0,2.3996896743774414,2.3996896743774414,0.0,0.0
10,1,1.3502840995788574,1.3502840995788574,4.080777406692505,4.021183729171753
10,2,0.9667149186134338,0.9667149186134338,8.180078268051147,8.182154893875122
10,3,0.8058932423591614,0.7758786082267761,12.138301610946655,12.12334156036377
10,4,0.7335134148597717,0.6956827044487,16.22633194923401,15.986257791519165
10,5,0.6995439529418945,0.6669414043426514,20.167802572250366,19.9501793384552
10,6,0.6823728084564209,0.6581783294677734,24.14257502555847,23.734907150268555
10,7,0.6732000112533569,0.6569187641143799,28.054670095443726,27.775246620178223
10,8,0.66803377866745,0.6581937074661255,32.11141490936279,31.617627382278442
10,9,0.665343701839447,0.6599802374839783,35.79078197479248,35.16466951370239
10,10,0.6638737320899963,0.6614055037498474,39.33161377906799,38.77672791481018
10,11,0.6631396412849426,0.6622871160507202,43.06944441795349,42.674787521362305
10,12,0.6625996828079224,0.6626045107841492,47.0840322971344,46.70818209648132
10,13,0.6623508930206299,0.6626400351524353,51.0892059803009,50.727083683013916
10,14,0.66216641664505,0.6625075936317444,55.120710134506226,54.666877031326294
10,15,0.6619555354118347,0.6622370481491089,59.13517665863037,58.695913314819336
10,16,0.6618444919586182,0.6619986891746521,63.17896580696106,62.74963593482971
10,17,0.6617947816848755,0.6618611812591553,67.11847138404846,66.76768803596497
10,18,0.6617407202720642,0.6617992520332336,71.05581259727478,70.69471740722656
10,19,0.6616953015327454,0.6617984175682068,74.94634509086609,74.66474747657776
10,20,0.661649763584137,0.6618391275405884,78.86211109161377,78.59121227264404
10,21,0.6616147756576538,0.6618860363960266,82.79514670372009,82.2516222000122
10,22,0.6615837216377258,0.6619229316711426,86.31075024604797,85.66393399238586
10,23,0.6615661382675171,0.6619529724121094,89.96345686912537,89.56723165512085
10,24,0.6615262627601624,0.6619492769241333,93.90837860107422,93.69139218330383
10,25,0.6614933013916016,0.6619203686714172,97.8838222026825,97.68426537513733
20,0,3.8857715129852295,3.8857715129852295,0.0,0.0
20,1,2.041670560836792,2.041670560836792,8.835427522659302,8.45022201538086
20,2,1.5055131912231445,1.5055131912231445,17.734347820281982,17.087499856948853
20,3,1.3131320476531982,1.276718258857727,26.16999101638794,25.509389638900757
20,4,1.2353296279907227,1.1906321048736572,34.60628700256348,33.949217796325684
20,5,1.20023512840271,1.163340449333191,43.26993536949158,42.25059723854065
20,6,1.183957576751709,1.1588470935821533,52.164053440093994,51.018534660339355
20,7,1.1761457920074463,1.1616337299346924,61.04707217216492,59.293726444244385
20,8,1.1723309755325317,1.16504967212677,69.5329840183258,67.19751572608948
20,9,1.1706562042236328,1.1674467325210571,77.9388587474823,76.11917519569397
20,10,1.1697176694869995,1.168686032295227,86.87654280662537,84.64326333999634
20,11,1.1691203117370605,1.1689670085906982,95.5035080909729,93.70703887939453
20,12,1.168685793876648,1.1686758995056152,104.01691222190857,102.62002849578857
20,13,1.1684409379959106,1.1682428121566772,112.73509645462036,111.20577502250671
20,14,1.1682974100112915,1.167872667312622,121.20079207420349,120.03435206413269
20,15,1.1681867837905884,1.1676554679870605,129.94419145584106,128.8026237487793
20,16,1.168149709701538,1.16761314868927,138.8732967376709,137.45352959632874
20,17,1.1680692434310913,1.1676050424575806,147.30401134490967,146.4727578163147
20,18,1.167993426322937,1.1676188707351685,155.92923665046692,154.8929843902588
20,19,1.1679670810699463,1.1676737070083618,164.29547500610352,163.31705927848816
20,20,1.1679226160049438,1.167708158493042,173.1787896156311,172.27061796188354
20,21,1.1679364442825317,1.1677550077438354,181.73522520065308,181.01154160499573
20,22,1.1679518222808838,1.1678019762039185,190.47863173484802,189.89869666099548
20,23,1.167913794517517,1.1677876710891724,198.93634676933289,198.40453267097473
20,24,1.1678872108459473,1.1677302122116089,207.57378125190735,207.0362412929535
20,25,1.1679370403289795,1.1677451133728027,216.39507055282593,216.04289770126343
50,0,6.823179721832275,6.823179721832275,0.0,0.0
50,1,3.1096129417419434,3.1096129417419434,19.108657360076904,18.931061029434204
50,2,2.2940425872802734,2.2940425872802734,37.96648597717285,37.80717420578003
50,3,2.054683208465576,2.007417678833008,57.39259934425354,57.06425952911377
50,4,1.9719773530960083,1.9248467683792114,76.05760931968689,75.82632255554199
50,5,1.9413844347000122,1.911812424659729,95.28896903991699,95.11502027511597
50,6,1.9304554462432861,1.916512370109558,113.90057229995728,113.7463948726654
50,7,1.9268499612808228,1.921506643295288,133.3324842453003,132.90309882164001
50,8,1.9251753091812134,1.9240370988845825,152.6796681880951,151.80130004882812
50,9,1.9245836734771729,1.9248095750808716,171.46376872062683,170.63216996192932
50,10,1.9242209196090698,1.9246242046356201,190.80367040634155,189.719162940979
50,11,1.9240539073944092,1.924190640449524,209.3587143421173,208.95078802108765
50,12,1.923919439315796,1.923862338066101,228.79378056526184,229.20503640174866
50,13,1.923896312713623,1.9237425327301025,247.87309622764587,248.79400157928467
50,14,1.923917293548584,1.9237489700317383,267.14195680618286,268.1592493057251
50,15,1.9238113164901733,1.9237325191497803,286.4698324203491,285.88958287239075
50,16,1.9238022565841675,1.9237234592437744,305.20000553131104,302.71623611450195
50,17,1.9237520694732666,1.9236671924591064,324.4964289665222,320.5113089084625
50,18,1.923880934715271,1.9237366914749146,343.5096299648285,337.2688264846802
50,19,1.9237666130065918,1.9237539768218994,362.4708228111267,355.19819378852844
50,20,1.9237825870513916,1.9237502813339233,381.3450939655304,372.7815089225769
50,21,1.9237240552902222,1.9236536026000977,400.5272047519684,389.7652883529663
50,22,1.9236940145492554,1.9235870838165283,419.7679178714752,407.3938570022583
50,23,1.92377507686615,1.9236446619033813,439.013867855072,424.27239751815796
50,24,1.9236851930618286,1.9236400127410889,457.92920112609863,441.99242067337036
50,25,1.9237704277038574,1.9237282276153564,477.1512818336487,459.3282630443573
