seed,method,block,w2
0,std,0,1.0291937589645386
0,acc,0,1.0291937589645386
0,std,1,0.10663724690675735
0,acc,1,0.10663724690675735
0,std,2,0.035023290663957596
0,acc,2,0.035023290663957596
0,std,3,0.03289320692420006
0,acc,3,0.031304169446229935
0,std,4,0.039459146559238434
0,acc,4,0.03816627338528633
0,std,5,0.02472284622490406
0,acc,5,0.023991523310542107
0,std,6,0.02668043039739132
0,acc,6,0.025341833010315895
0,std,7,0.02542322315275669
0,acc,7,0.02436148002743721
0,std,8,0.02378385327756405
0,acc,8,0.022173218429088593
0,std,9,0.03233247995376587
0,acc,9,0.031005296856164932
0,std,10,0.031134597957134247
0,acc,10,0.029192904010415077
0,std,11,0.031979162245988846
0,acc,11,0.03120032697916031
0,std,12,0.036589596420526505
0,acc,12,0.0350569486618042
0,std,13,0.03410792350769043
0,acc,13,0.03197052329778671
0,std,14,0.043093279004096985
0,acc,14,0.041037581861019135
0,std,15,0.030316300690174103
0,acc,15,0.027947131544351578
0,std,16,0.03026365488767624
0,acc,16,0.02863279916346073
0,std,17,0.031024247407913208
0,acc,17,0.029415970668196678
0,std,18,0.037069592624902725
0,acc,18,0.03502243384718895
0,std,19,0.03136415779590607
0,acc,19,0.02983064204454422
0,std,20,0.03529970720410347
0,acc,20,0.033967599272727966
0,std,21,0.027507668361067772
0,acc,21,0.025965508073568344
0,std,22,0.03821740671992302
0,acc,22,0.03673355281352997
0,std,23,0.03816220536828041
0,acc,23,0.035494524985551834
0,std,24,0.03036428987979889
0,acc,24,0.028131656348705292
0,std,25,0.03722696751356125
0,acc,25,0.03431253880262375
1,std,0,1.028425931930542
1,acc,0,1.028425931930542
1,std,1,0.11479227244853973
1,acc,1,0.11479227244853973
1,std,2,0.044486016035079956
1,acc,2,0.044486016035079956
1,std,3,0.039017241448163986
1,acc,3,0.036800846457481384
1,std,4,0.03542675822973251
1,acc,4,0.033495258539915085
1,std,5,0.03881442919373512
1,acc,5,0.035621292889118195
1,std,6,0.04417891800403595
1,acc,6,0.0407046340405941
1,std,7,0.03585440292954445
1,acc,7,0.0329081155359745
1,std,8,0.032826878130435944
1,acc,8,0.030367165803909302
1,std,9,0.033553946763277054
1,acc,9,0.03171113505959511
1,std,10,0.03658788278698921
1,acc,10,0.034074705094099045
1,std,11,0.0464109368622303
1,acc,11,0.04426335543394089
1,std,12,0.034833598881959915
1,acc,12,0.03206643462181091
1,std,13,0.04010675847530365
1,acc,13,0.037160731852054596
1,std,14,0.03911526873707771
1,acc,14,0.03820054978132248
1,std,15,0.036206088960170746
1,acc,15,0.03353813663125038
1,std,16,0.045472241938114166
1,acc,16,0.042373258620500565
1,std,17,0.034849464893341064
1,acc,17,0.0331432931125164
1,std,18,0.04004339873790741
1,acc,18,0.037533268332481384
1,std,19,0.049876127392053604
1,acc,19,0.04680141806602478
1,std,20,0.0361015722155571
1,acc,20,0.03381839022040367
1,std,21,0.0399443581700325
1,acc,21,0.03752809017896652
1,std,22,0.03929685056209564
1,acc,22,0.03664541244506836
1,std,23,0.036063872277736664
1,acc,23,0.03479961305856705
1,std,24,0.03439400717616081
1,acc,24,0.032716549932956696
1,std,25,0.042194951325654984
1,acc,25,0.03841225430369377
2,std,0,1.01651930809021
2,acc,0,1.01651930809021
2,std,1,0.10912210494279861
2,acc,1,0.10912210494279861
2,std,2,0.030120445415377617
2,acc,2,0.030120445415377617
2,std,3,0.035157423466444016
2,acc,3,0.03397351875901222
2,std,4,0.03300374746322632
2,acc,4,0.031093455851078033
2,std,5,0.029764967039227486
2,acc,5,0.027582867071032524
2,std,6,0.026847029104828835
2,acc,6,0.025869468227028847
2,std,7,0.02510298416018486
2,acc,7,0.022479938343167305
2,std,8,0.027959363535046577
2,acc,8,0.025953663513064384
2,std,9,0.032835666090250015
2,acc,9,0.03010290302336216
2,std,10,0.01943681202828884
2,acc,10,0.018697023391723633
2,std,11,0.030587870627641678
2,acc,11,0.027947910130023956
2,std,12,0.027761273086071014
2,acc,12,0.02585780806839466
2,std,13,0.026938147842884064
2,acc,13,0.02638646773993969
2,std,14,0.030003955587744713
2,acc,14,0.02726249396800995
2,std,15,0.028667928650975227
2,acc,15,0.025851231068372726
2,std,16,0.030192721635103226
2,acc,16,0.02787070721387863
2,std,17,0.030512884259223938
2,acc,17,0.02920697070658207
2,std,18,0.024435602128505707
2,acc,18,0.023250877857208252
2,std,19,0.028654323890805244
2,acc,19,0.02595260553061962
2,std,20,0.03530500829219818
2,acc,20,0.032833945006132126
2,std,21,0.03651459142565727
2,acc,21,0.033703237771987915
2,std,22,0.024894889444112778
2,acc,22,0.023227347061038017
2,std,23,0.022092673927545547
2,acc,23,0.021487781777977943
2,std,24,0.034320246428251266
2,acc,24,0.03147569298744202
2,std,25,0.026461036875844002
2,acc,25,0.02400306798517704
3,std,0,1.0291599035263062
3,acc,0,1.0291599035263062
3,std,1,0.1086212620139122
3,acc,1,0.1086212620139122
3,std,2,0.02802831120789051
3,acc,2,0.02802831120789051
3,std,3,0.02955668792128563
3,acc,3,0.02963310107588768
3,std,4,0.025640999898314476
3,acc,4,0.02491088956594467
3,std,5,0.033443838357925415
3,acc,5,0.034303728491067886
3,std,6,0.02394312433898449
3,acc,6,0.024544164538383484
3,std,7,0.022110167890787125
3,acc,7,0.02314852736890316
3,std,8,0.02233630232512951
3,acc,8,0.023212937638163567
3,std,9,0.02708900347352028
3,acc,9,0.026921585202217102
3,std,10,0.027744974941015244
3,acc,10,0.02835083194077015
3,std,11,0.025700414553284645
3,acc,11,0.025124652311205864
3,std,12,0.028842831030488014
3,acc,12,0.02980724908411503
3,std,13,0.029672974720597267
3,acc,13,0.030737796798348427
3,std,14,0.02862173318862915
3,acc,14,0.029885578900575638
3,std,15,0.024672426283359528
3,acc,15,0.02555210143327713
3,std,16,0.030512750148773193
3,acc,16,0.031125739216804504
3,std,17,0.028993282467126846
3,acc,17,0.029297007247805595
3,std,18,0.024215053766965866
3,acc,18,0.024566248059272766
3,std,19,0.02259935811161995
3,acc,19,0.02320888452231884
3,std,20,0.02886105887591839
3,acc,20,0.03013925440609455
3,std,21,0.030225060880184174
3,acc,21,0.031529542058706284
3,std,22,0.030913345515727997
3,acc,22,0.03215085715055466
3,std,23,0.038186267018318176
3,acc,23,0.038423407822847366
3,std,24,0.023197997361421585
3,acc,24,0.023205842822790146
3,std,25,0.02536485344171524
3,acc,25,0.026110511273145676
4,std,0,1.0301389694213867
4,acc,0,1.0301389694213867
4,std,1,0.1081913560628891
4,acc,1,0.1081913560628891
4,std,2,0.026217568665742874
4,acc,2,0.026217568665742874
4,std,3,0.020975548774003983
4,acc,3,0.020028749480843544
4,std,4,0.02455117553472519
4,acc,4,0.024069592356681824
4,std,5,0.027102850377559662
4,acc,5,0.026829220354557037
4,std,6,0.02023373730480671
4,acc,6,0.019729916006326675
4,std,7,0.01929607428610325
4,acc,7,0.018650881946086884
4,std,8,0.023139359429478645
4,acc,8,0.02250640094280243
4,std,9,0.024368369951844215
4,acc,9,0.024576371535658836
4,std,10,0.0212845541536808
4,acc,10,0.021277086809277534
4,std,11,0.024954959750175476
4,acc,11,0.02405436895787716
4,std,12,0.021883593872189522
4,acc,12,0.021482104435563087
4,std,13,0.02719896100461483
4,acc,13,0.026270680129528046
4,std,14,0.02344433404505253
4,acc,14,0.02280369959771633
4,std,15,0.021697260439395905
4,acc,15,0.021190419793128967
4,std,16,0.020704235881567
4,acc,16,0.020756714046001434
4,std,17,0.020889822393655777
4,acc,17,0.021423468366265297
4,std,18,0.020652417093515396
4,acc,18,0.020268527790904045
4,std,19,0.026897139847278595
4,acc,19,0.026164241135120392
4,std,20,0.020651260390877724
4,acc,20,0.01999596133828163
4,std,21,0.02185233309864998
4,acc,21,0.022491829469799995
4,std,22,0.022206861525774002
4,acc,22,0.02223328687250614
4,std,23,0.020412519574165344
4,acc,23,0.02038150653243065
4,std,24,0.018958035856485367
4,acc,24,0.018994981423020363
4,std,25,0.021253684535622597
4,acc,25,0.020421365275979042
5,std,0,1.036612629890442
5,acc,0,1.036612629890442
5,std,1,0.11076658964157104
5,acc,1,0.11076658964157104
5,std,2,0.029042420908808708
5,acc,2,0.029042420908808708
5,std,3,0.04230325669050217
5,acc,3,0.0420595183968544
5,std,4,0.030535973608493805
5,acc,4,0.030533049255609512
5,std,5,0.03912488371133804
5,acc,5,0.039362650364637375
5,std,6,0.02752617746591568
5,acc,6,0.02752549946308136
5,std,7,0.03742668405175209
5,acc,7,0.03731020912528038
5,std,8,0.03266379237174988
5,acc,8,0.03267943859100342
5,std,9,0.030084360390901566
5,acc,9,0.030420469120144844
5,std,10,0.03700026869773865
5,acc,10,0.03713050112128258
5,std,11,0.02762625366449356
5,acc,11,0.02780097723007202
5,std,12,0.02475851960480213
5,acc,12,0.02467278577387333
5,std,13,0.03155507892370224
5,acc,13,0.03182106092572212
5,std,14,0.035838522017002106
5,acc,14,0.03534843772649765
5,std,15,0.030093060806393623
5,acc,15,0.029843533411622047
5,std,16,0.040716007351875305
5,acc,16,0.04023224487900734
5,std,17,0.027965135872364044
5,acc,17,0.028360974043607712
5,std,18,0.03243418037891388
5,acc,18,0.03163258731365204
5,std,19,0.02271195314824581
5,acc,19,0.022582730278372765
5,std,20,0.025005241855978966
5,acc,20,0.02497720532119274
5,std,21,0.03677425533533096
5,acc,21,0.03605297952890396
5,std,22,0.03677414730191231
5,acc,22,0.03632093593478203
5,std,23,0.03549504280090332
5,acc,23,0.03487531468272209
5,std,24,0.026642462238669395
5,acc,24,0.026307862251996994
5,std,25,0.03416880965232849
5,acc,25,0.033454131335020065
6,std,0,1.0078563690185547
6,acc,0,1.0078563690185547
6,std,1,0.11462119221687317
6,acc,1,0.11462119221687317
6,std,2,0.04779988154768944
6,acc,2,0.04779988154768944
6,std,3,0.05420001596212387
6,acc,3,0.05321706831455231
6,std,4,0.04935766011476517
6,acc,4,0.04694999381899834
6,std,5,0.050787292420864105
6,acc,5,0.04681862145662308
6,std,6,0.03598560392856598
6,acc,6,0.03247459605336189
6,std,7,0.039678797125816345
6,acc,7,0.037368353456258774
6,std,8,0.045392442494630814
6,acc,8,0.04231588914990425
6,std,9,0.03738689795136452
6,acc,9,0.034163765609264374
6,std,10,0.04335605353116989
6,acc,10,0.03963201865553856
6,std,11,0.04464065656065941
6,acc,11,0.04148130491375923
6,std,12,0.040125273168087006
6,acc,12,0.036970775574445724
6,std,13,0.04158696159720421
6,acc,13,0.03843227028846741
6,std,14,0.03842507302761078
6,acc,14,0.03502165898680687
6,std,15,0.04770037531852722
6,acc,15,0.04412674158811569
6,std,16,0.03428030014038086
6,acc,16,0.031250618398189545
6,std,17,0.04540836811065674
6,acc,17,0.042866457253694534
6,std,18,0.03724740073084831
6,acc,18,0.033577147871255875
6,std,19,0.04465582221746445
6,acc,19,0.04171852767467499
6,std,20,0.03547614440321922
6,acc,20,0.032533638179302216
6,std,21,0.04713517799973488
6,acc,21,0.04263092949986458
6,std,22,0.0399075523018837
6,acc,22,0.036238666623830795
6,std,23,0.03993361070752144
6,acc,23,0.03650103136897087
6,std,24,0.05423309653997421
6,acc,24,0.04987340793013573
6,std,25,0.05088366940617561
6,acc,25,0.047499679028987885
7,std,0,1.0377719402313232
7,acc,0,1.0377719402313232
7,std,1,0.10820990055799484
7,acc,1,0.10820990055799484
7,std,2,0.03451516851782799
7,acc,2,0.03451516851782799
7,std,3,0.0291293952614069
7,acc,3,0.028711941093206406
7,std,4,0.029845545068383217
7,acc,4,0.03012169525027275
7,std,5,0.02996494062244892
7,acc,5,0.029923932626843452
7,std,6,0.026516083627939224
7,acc,6,0.027362659573554993
7,std,7,0.03552870452404022
7,acc,7,0.037344083189964294
7,std,8,0.02736769989132881
7,acc,8,0.027835248038172722
7,std,9,0.02890964224934578
7,acc,9,0.030789624899625778
7,std,10,0.026256022974848747
7,acc,10,0.027190107852220535
7,std,11,0.028893571346998215
7,acc,11,0.029878392815589905
7,std,12,0.030605776235461235
7,acc,12,0.03217018023133278
7,std,13,0.02440071664750576
7,acc,13,0.02486533299088478
7,std,14,0.038979530334472656
7,acc,14,0.040498387068510056
7,std,15,0.03070910833775997
7,acc,15,0.03170130401849747
7,std,16,0.03646327182650566
7,acc,16,0.03813093528151512
7,std,17,0.026888519525527954
7,acc,17,0.029059596359729767
7,std,18,0.03573398292064667
7,acc,18,0.0378408282995224
7,std,19,0.02675097994506359
7,acc,19,0.028824321925640106
7,std,20,0.02567453496158123
7,acc,20,0.02704412117600441
7,std,21,0.02598445862531662
7,acc,21,0.02756403759121895
7,std,22,0.02347349375486374
7,acc,22,0.024214521050453186
7,std,23,0.029518146067857742
7,acc,23,0.03127557411789894
7,std,24,0.02879858762025833
7,acc,24,0.03020201064646244
7,std,25,0.029020540416240692
7,acc,25,0.03036338835954666
8,std,0,1.039925456047058
8,acc,0,1.039925456047058
8,std,1,0.10574320703744888
8,acc,1,0.10574320703744888
8,std,2,0.03036773018538952
8,acc,2,0.03036773018538952
8,std,3,0.021529948338866234
8,acc,3,0.020953966304659843
8,std,4,0.024311866611242294
8,acc,4,0.023990394547581673
8,std,5,0.02566279098391533
8,acc,5,0.02529149129986763
8,std,6,0.02343401499092579
8,acc,6,0.024111412465572357
8,std,7,0.024781113490462303
8,acc,7,0.024738112464547157
8,std,8,0.021172817796468735
8,acc,8,0.021366871893405914
8,std,9,0.022656196728348732
8,acc,9,0.022374359890818596
8,std,10,0.024201804772019386
8,acc,10,0.024929871782660484
8,std,11,0.023992840200662613
8,acc,11,0.02516249567270279
8,std,12,0.020950259640812874
8,acc,12,0.020480865612626076
8,std,13,0.023005809634923935
8,acc,13,0.022451208904385567
8,std,14,0.023153651505708694
8,acc,14,0.02379889227449894
8,std,15,0.020362848415970802
8,acc,15,0.02070031873881817
8,std,16,0.021229667589068413
8,acc,16,0.0220881886780262
8,std,17,0.029144760221242905
8,acc,17,0.029124269261956215
8,std,18,0.02128293178975582
8,acc,18,0.020867319777607918
8,std,19,0.024495890364050865
8,acc,19,0.0246206633746624
8,std,20,0.023233043029904366
8,acc,20,0.02415517345070839
8,std,21,0.021323010325431824
8,acc,21,0.021881600841879845
8,std,22,0.02382013015449047
8,acc,22,0.02416621707379818
8,std,23,0.022140176966786385
8,acc,23,0.021758148446679115
8,std,24,0.02010895498096943
8,acc,24,0.020654479041695595
8,std,25,0.024382788687944412
8,acc,25,0.024774223566055298
9,std,0,1.0410394668579102
9,acc,0,1.0410394668579102
9,std,1,0.10586333274841309
9,acc,1,0.10586333274841309
9,std,2,0.03146112337708473
9,acc,2,0.03146112337708473
9,std,3,0.023685825988650322
9,acc,3,0.022707415744662285
9,std,4,0.024988213554024696
9,acc,4,0.02402852661907673
9,std,5,0.02586793154478073
9,acc,5,0.025481099262833595
9,std,6,0.02434276044368744
9,acc,6,0.023102018982172012
9,std,7,0.021716676652431488
9,acc,7,0.020920783281326294
9,std,8,0.03429604321718216
9,acc,8,0.03289678692817688
9,std,9,0.024720385670661926
9,acc,9,0.02419953979551792
9,std,10,0.025327494367957115
9,acc,10,0.024594733491539955
9,std,11,0.025625750422477722
9,acc,11,0.02355462685227394
9,std,12,0.02394876629114151
9,acc,12,0.022107578814029694
9,std,13,0.025551315397024155
9,acc,13,0.02481156773865223
9,std,14,0.02492288313806057
9,acc,14,0.023664256557822227
9,std,15,0.021005431190133095
9,acc,15,0.020920755341649055
9,std,16,0.024538133293390274
9,acc,16,0.024136818945407867
9,std,17,0.02280370518565178
9,acc,17,0.022531095892190933
9,std,18,0.028069306164979935
9,acc,18,0.027019985020160675
9,std,19,0.026851797476410866
9,acc,19,0.02535552904009819
9,std,20,0.024872297421097755
9,acc,20,0.023311292752623558
9,std,21,0.02850673533976078
9,acc,21,0.02725645713508129
9,std,22,0.02474752813577652
9,acc,22,0.023061489686369896
9,std,23,0.025035206228494644
9,acc,23,0.024400638416409492
9,std,24,0.028156977146863937
9,acc,24,0.02820007875561714
9,std,25,0.0239240862429142
9,acc,25,0.023162949830293655
